EmployeeID,Name,Age,Department,Salary,YearsAtCompany,PerformanceScore,Satisfaction,ProjectCount,RemoteWork,EmployeeCode,ManagerEmail
1,Employee_1,56.0,HR,62786.851872425286,20,1,6.741116870976654,2.0,No,EMP-2824,manager69@techcorp.com
8,Employee_8,56.0,Sales,68067.80046708156,20,3,5.506398332530042,1.0,Yes,EMP-9935,manager326@techcorp.com
11,Employee_11,44.0,Sales,65531.38305189856,-4,2,5.450690126083671,3.0,Yes,EMP-1520,manager283@techcorp.com
12,Employee_12,44.0,Sales,46985.72925309821,12,1,3.5104426846612906,3.0,No,EMP-1488,manager79@techcorp.com
14,Employee_14,53.0,Marketing,56720.782407961575,16,3,1.895918615278976,4.0,No,EMP-4582,manager91@techcorp.com
15,Employee_15,57.0,Sales,70944.31876114008,21,1,6.428729490532008,4.0,Yes,EMP-4811,manager43@techcorp.com
18,Employee_18,39.0,HR,100068.1453436421,20,5,5.23855052895263,3.0,No,EMP-4257,manager389@techcorp.com
20,Employee_20,41.0,Finance,66152.41510902104,14,4,5.450690126083671,4.0,No,EMP-7873,manager106@techcorp.com
21,Employee_21,61.0,Engineering,51021.58344780408,20,5,6.868837556934856,1.0,Yes,EMP-4611,manager294@techcorp.com
22,Employee_22,47.0,Marketing,61349.970717500175,9,1,5.450690126083671,1.0,Yes,EMP-8359,manager256@techcorp.com
24,Employee_24,19.0,Sales,68984.56869839491,12,2,6.422228476331096,2.0,No,EMP-1106,manager164@techcorp.com
25,Employee_25,44.0,Marketing,38466.78983644668,4,5,5.450690126083671,2.0,Yes,EMP-3615,manager284@techcorp.com
27,Employee_27,29.0,Engineering,110310.61752276553,23,2,3.5904816896644527,2.0,No,EMP-6574,manager134@techcorp.com
32,Employee_32,44.0,Engineering,54952.399130711005,13,3,9.006189564974429,5.0,No,EMP-2674,manager11@techcorp.com
36,Employee_36,32.0,Finance,67111.01259348706,2,3,1.0121164386090733,4.0,No,EMP-6881,manager383@techcorp.com
38,Employee_38,68.0,Sales,41325.554945195545,5,2,2.290558330098033,2.0,No,EMP-5333,manager159@techcorp.com
42,Employee_42,54.0,HR,72707.93864429794,19,3,3.9143761741218825,2.0,Yes,EMP-3045,manager165@techcorp.com
47,Employee_47,56.0,Sales,34439.54833127248,3,1,2.911005768582021,3.0,Yes,EMP-4150,manager400@techcorp.com
49,Employee_49,21.0,Sales,42296.73002000304,27,1,7.312449570037211,2.0,No,EMP-1750,manager351@techcorp.com
51,Employee_51,31.0,HR,28945.45864367925,5,3,9.972182967304198,3.0,Yes,EMP-5741,manager259@techcorp.com
55,Employee_55,19.0,Sales,63393.87584704039,27,5,2.137477801651004,0.0,No,EMP-7227,manager4@techcorp.com
56,Employee_56,37.0,Sales,45997.68253589983,15,2,1.250595168196721,3.0,No,EMP-5554,manager108@techcorp.com
58,Employee_58,44.0,Sales,90679.56241699134,16,3,8.260818074102135,5.0,No,EMP-6977,manager287@techcorp.com
64,Employee_64,31.0,Marketing,59601.292095083794,21,1,5.433391046996327,2.0,No,EMP-2169,manager301@techcorp.com
65,Employee_65,34.0,HR,36865.11549896102,20,5,6.700705662179144,3.0,No,EMP-3803,manager243@techcorp.com
72,Employee_72,59.0,Engineering,71509.3733498886,4,2,4.264782403592369,1.0,No,EMP-4598,manager203@techcorp.com
74,Employee_74,46.0,HR,67841.69059401739,6,3,8.558383169831394,6.0,Yes,EMP-1916,manager323@techcorp.com
76,Employee_76,43.0,Finance,71061.4655288096,24,1,5.450690126083671,1.0,Yes,EMP-1525,manager330@techcorp.com
79,Employee_79,27.0,Sales,42588.54767476488,25,1,8.664348873737971,2.0,Yes,EMP-5386,manager51@techcorp.com
80,Employee_80,53.0,Engineering,40314.55249414993,6,1,5.450690126083671,3.0,No,EMP-2084,manager70@techcorp.com
82,Employee_82,44.0,Sales,47651.06775081804,24,1,8.062927136424893,1.0,Yes,EMP-6155,manager305@techcorp.com
85,Employee_85,44.0,Engineering,90290.35125179162,15,3,3.770977438146245,1.0,No,EMP-7482,manager211@techcorp.com
87,Employee_87,40.0,Engineering,47933.52869556575,10,5,6.530371997604681,2.0,Yes,EMP-3340,manager325@techcorp.com
95,Employee_95,43.0,Sales,63209.52413997692,8,5,5.450690126083671,3.0,Yes,EMP-6930,manager392@techcorp.com
100,Employee_100,44.0,Engineering,61273.76787303232,24,3,5.450690126083671,3.0,No,EMP-2489,manager333@techcorp.com
102,Employee_102,18.0,HR,62784.30817289806,-4,5,8.320910340918378,2.0,Yes,EMP-2796,manager100@techcorp.com
103,Employee_103,42.0,Sales,84123.06791341183,12,3,9.318288471428044,6.0,Yes,EMP-3504,manager202@techcorp.com
105,Employee_105,26.0,marketing,54321.1637823493,26,2,5.490740052223893,3.0,No,EMP-7916,manager228@techcorp.com
108,Employee_108,61.0,Sales,110310.61752276553,2,3,6.804126147631203,1.0,No,EMP-7252,manager58@techcorp.com
116,Employee_116,52.0,Sales,48791.03697020952,14,1,5.450690126083671,3.0,No,EMP-6573,manager2@techcorp.com
117,Employee_117,50.0,Sales,96391.46093397313,27,4,5.450690126083671,4.0,No,EMP-2827,manager338@techcorp.com
119,Employee_119,59.0,HR,64789.549234117934,11,4,5.450690126083671,3.0,No,EMP-8123,manager267@techcorp.com
120,Employee_120,56.0,HR,44359.64726184785,25,1,9.08909100763613,2.0,Yes,EMP-3591,manager38@techcorp.com
121,Employee_121,58.0,Engineering,104453.91258270152,3,1,5.450690126083671,3.0,Yes,EMP-8433,manager394@techcorp.com
122,Employee_122,45.0,Marketing,35243.58111825768,25,5,8.310323088913076,0.0,Yes,EMP-1053,manager62@techcorp.com
125,Employee_125,44.0,Sales,52917.84717104026,22,5,5.450690126083671,3.0,Yes,EMP-3927,manager35@techcorp.com
126,Employee_126,29.0,Sales,110310.61752276553,-4,5,5.450690126083671,3.0,Yes,EMP-9317,manager402@techcorp.com
127,Employee_127,51.0,Engineering,84491.68875252287,23,4,4.509097716619726,3.0,No,EMP-2743,manager252@techcorp.com
132,Employee_132,54.0,Sales,26293.781224761187,27,3,5.450690126083671,3.0,No,EMP-7126,manager89@techcorp.com
134,Employee_134,61.0,Sales,59958.324051596326,8,3,1.7888485257518796,2.0,No,EMP-9837,manager274@techcorp.com
138,Employee_138,44.0,HR,21737.87149641949,11,4,5.450690126083671,3.0,No,EMP-9005,manager32@techcorp.com
153,Employee_153,32.0,HR,80621.25827976107,3,4,9.952157486768384,4.0,No,EMP-8787,manager230@techcorp.com
154,Employee_154,44.0,Sales,62170.853520568766,14,1,1.832503941450674,2.0,Yes,EMP-3705,manager236@techcorp.com
157,Employee_157,15.0,Engineering,36547.93486277368,-4,5,7.907489475316349,2.0,Yes,EMP-7932,manager196@techcorp.com
159,Employee_159,56.0,HR,73899.9580155375,16,2,5.428490404441606,6.0,No,EMP-9835,manager13@techcorp.com
163,Employee_163,21.0,Marketing,61928.6743758698,23,5,5.450690126083671,2.0,No,EMP-7118,manager235@techcorp.com
164,Employee_164,47.0,Finance,110310.61752276553,21,3,5.712072215768702,6.0,No,EMP-8177,manager23@techcorp.com
168,Employee_168,62.0,Finance,61625.53685534056,8,4,7.943608557986389,1.0,No,EMP-5061,manager53@techcorp.com
169,Employee_169,44.0,Marketing,91669.30050768188,13,1,6.867107790062145,3.0,Yes,EMP-4681,manager195@techcorp.com
170,Employee_170,44.0,Marketing,53864.39214257259,17,4,5.450690126083671,4.0,No,EMP-2049,manager310@techcorp.com
172,Employee_172,53.0,Engineering,35709.13020547187,16,2,5.450690126083671,2.0,No,EMP-1344,manager105@techcorp.com
178,Employee_178,45.0,Sales,84541.00119940304,10,2,3.4460786447211627,1.0,Yes,EMP-4750,manager308@techcorp.com
180,Employee_180,59.0,HR,64506.85507378135,21,5,6.387355966642037,1.0,Yes,EMP-1514,manager95@techcorp.com
183,Employee_183,45.0,Sales,70074.72092424851,5,2,5.450690126083671,0.0,Yes,EMP-9423,manager140@techcorp.com
185,Employee_185,61.0,Engineering,11430.881021266534,1,5,2.2211948601305136,2.0,No,EMP-5562,manager61@techcorp.com
187,Employee_187,37.0,Marketing,110310.61752276553,28,3,5.450690126083671,0.0,No,EMP-4510,manager382@techcorp.com
189,Employee_189,28.0,Finance,61743.728084128605,20,5,9.969090906600842,3.0,Yes,EMP-3167,manager361@techcorp.com
190,Employee_190,45.0,Sales,74161.78243713353,13,3,7.303886192408535,3.0,No,EMP-8744,manager204@techcorp.com
192,Employee_192,44.0,Sales,27979.614045964958,5,4,5.450690126083671,7.0,Yes,EMP-8749,manager71@techcorp.com
194,Employee_194,18.0,HR,37370.9395869514,29,4,5.767425694975309,0.0,Yes,EMP-4119,manager357@techcorp.com
196,Employee_196,69.0,Marketing,60625.33754497349,29,1,9.316969443201517,4.0,Yes,EMP-2588,manager192@techcorp.com
197,Employee_197,30.0,Marketing,65026.11281612761,17,2,9.776619783779577,5.0,No,EMP-8062,manager57@techcorp.com
198,Employee_198,58.0,Marketing,59968.989883281945,13,2,8.498839209370068,3.0,No,EMP-6804,manager145@techcorp.com
201,Employee_201,23.0,Engineering,51228.25587485409,12,3,6.653075781192146,4.0,No,EMP-8651,manager313@techcorp.com
206,Employee_206,50.0,HR,55272.90525822008,28,3,5.954245993926464,4.0,No,EMP-6559,manager28@techcorp.com
207,Employee_207,68.0,Finance,36241.7438271587,7,3,8.110133574038938,2.0,No,EMP-2790,manager370@techcorp.com
209,Employee_209,61.0,HR,39268.481672874055,12,1,5.450690126083671,2.0,Yes,EMP-4139,manager406@techcorp.com
210,Employee_210,41.0,Sales,86261.3703117743,10,5,4.110624942187614,6.0,No,EMP-4116,manager135@techcorp.com
211,Employee_211,32.0,Finance,61010.716311880125,11,4,5.450690126083671,2.0,No,EMP-9786,manager136@techcorp.com
213,Employee_213,49.0,Engineering,55497.06945299957,16,2,1.690505441675967,3.0,No,EMP-3296,manager269@techcorp.com
215,Employee_215,58.0,Sales,109297.55271715368,10,3,5.450690126083671,3.0,No,EMP-4006,manager109@techcorp.com
217,Employee_217,66.0,HR,46991.739305800125,17,2,1.9570356761340448,4.0,No,EMP-8579,manager362@techcorp.com
220,Employee_220,29.0,Finance,61279.13573821866,11,4,8.853895649584498,3.0,No,EMP-8260,manager373@techcorp.com
226,Employee_226,44.0,Engineering,47069.40957615124,27,4,5.1169875028289935,2.0,Yes,EMP-4872,manager148@techcorp.com
228,Employee_228,66.0,HR,65865.38628267006,23,5,5.098448219325468,3.0,Yes,EMP-7658,manager336@techcorp.com
229,Employee_229,19.0,Sales,65665.98836880314,26,5,5.450690126083671,1.0,No,EMP-8956,manager126@techcorp.com
232,Employee_232,44.0,HR,34350.02757756955,24,5,5.450690126083671,3.0,Yes,EMP-7570,manager133@techcorp.com
233,Employee_233,54.0,Sales,40669.65948130014,11,4,5.450690126083671,5.0,No,EMP-1960,manager207@techcorp.com
234,Employee_234,49.0,Engineering,68343.80928765128,10,2,3.362235266091381,1.0,No,EMP-3697,manager125@techcorp.com
236,Employee_236,44.0,Engineering,110310.61752276553,24,3,2.0008787260439687,2.0,No,EMP-1035,manager371@techcorp.com
238,Employee_238,19.0,Sales,51781.37687401632,18,5,5.450690126083671,3.0,Yes,EMP-5345,manager25@techcorp.com
240,Employee_240,43.0,Sales,45864.86485563645,22,2,7.08059178638419,4.0,Yes,EMP-5673,manager99@techcorp.com
247,Employee_247,44.0,Sales,69990.53970190817,-2,3,1.8873480721774285,4.0,Yes,EMP-1958,manager123@techcorp.com
250,Employee_250,69.0,HR,55820.79025335939,26,5,3.659211321640834,0.0,Yes,EMP-6138,manager163@techcorp.com
251,Employee_251,51.0,Engineering,57429.85038288389,28,2,5.769733069192785,7.0,No,EMP-1936,manager188@techcorp.com
252,Employee_252,23.0,Marketing,79787.38876564262,1,3,7.1055269695271175,3.0,Yes,EMP-1821,manager87@techcorp.com
253,Employee_253,39.0,Engineering,49857.84211734784,16,5,5.450690126083671,4.0,No,EMP-8811,manager44@techcorp.com
255,Employee_255,65.0,Sales,84156.18616922005,10,3,2.548774292073638,3.0,No,EMP-9701,manager277@techcorp.com
259,Employee_259,23.0,Sales,59402.190521954006,1,3,4.343918601878869,1.0,Yes,EMP-2312,manager395@techcorp.com
266,Employee_266,44.0,HR,37627.37143602385,3,4,3.835093351390584,4.0,Yes,EMP-5033,manager171@techcorp.com
267,Employee_267,20.0,HR,40117.87533915615,14,5,8.12268775456278,2.0,No,EMP-1651,manager68@techcorp.com
268,Employee_268,36.0,HR,59381.22005688752,29,3,9.242094155087145,7.0,Yes,EMP-2343,manager212@techcorp.com
270,Employee_270,44.0,Sales,101211.17233232105,10,1,3.7627505398811634,4.0,Yes,EMP-9565,manager356@techcorp.com
271,Employee_271,24.0,Finance,36138.80090179527,6,4,2.756774481146943,1.0,No,EMP-6183,manager295@techcorp.com
272,Employee_272,69.0,Finance,59198.229746868936,16,3,5.450690126083671,3.0,Yes,EMP-5272,manager119@techcorp.com
273,Employee_273,58.0,HR,83364.3544363373,26,2,3.907897314997036,3.0,No,EMP-4346,manager233@techcorp.com
276,Employee_276,56.0,HR,51101.08479750657,17,5,4.547224421043653,3.0,No,EMP-5351,manager141@techcorp.com
278,Employee_278,57.0,Engineering,14472.529828159952,28,5,8.215158638721745,1.0,Yes,EMP-3144,manager76@techcorp.com
279,Employee_279,80.0,Marketing,65697.79785144397,21,2,5.225667988110703,3.0,Yes,EMP-5915,manager221@techcorp.com
280,Employee_280,28.0,Sales,64141.87724465903,11,3,4.803904304100625,3.0,Yes,EMP-8491,manager255@techcorp.com
282,Employee_282,42.0,HR,37583.55268959225,4,4,5.450690126083671,3.0,Yes,EMP-2188,manager172@techcorp.com
283,Employee_283,67.0,Sales,28017.270271059744,9,5,5.450690126083671,3.0,Yes,EMP-1152,manager152@techcorp.com
287,Employee_287,59.0,Engineering,88211.36010010318,27,2,4.076625569482829,2.0,No,EMP-9808,manager365@techcorp.com
292,Employee_292,65.0,Sales,63367.90384950493,9,4,5.450690126083671,3.0,Yes,EMP-6718,manager257@techcorp.com
295,Employee_295,19.0,Finance,61772.93394796025,1,2,5.450690126083671,3.0,Yes,EMP-7054,manager219@techcorp.com
296,Employee_296,18.0,Sales,94442.5721136994,22,4,2.143866161965953,5.0,No,EMP-5669,manager314@techcorp.com
297,Employee_297,65.0,Sales,55420.34277019507,7,5,2.7035528132440847,1.0,No,EMP-3584,manager92@techcorp.com
299,Employee_299,22.0,HR,64739.228314240856,26,5,5.450690126083671,1.0,No,EMP-9900,manager234@techcorp.com
307,Employee_307,33.0,Sales,50971.806847987216,12,4,1.6129812225117028,2.0,Yes,EMP-2891,manager166@techcorp.com
308,Employee_308,20.0,HR,51278.93024700241,12,1,2.9635689663394587,2.0,Yes,EMP-2753,manager147@techcorp.com
309,Employee_309,44.0,HR,65650.87052213587,9,3,5.450690126083671,4.0,Yes,EMP-3546,manager339@techcorp.com
312,Employee_312,41.0,Finance,77591.85175972732,21,2,1.13110439276151,3.0,Yes,EMP-4450,manager137@techcorp.com
317,Employee_317,53.0,Sales,65623.59124538906,18,4,1.1289781528030112,1.0,No,EMP-9004,manager174@techcorp.com
319,Employee_319,44.0,Finance,72833.74874309299,24,1,5.450690126083671,2.0,Yes,EMP-1832,manager251@techcorp.com
321,Employee_321,52.0,Marketing,48332.84055545303,6,1,8.423683907383932,6.0,No,EMP-7939,manager37@techcorp.com
322,Employee_322,65.0, Finance ,60771.83880454066,16,1,8.08967969472133,2.0,Yes,EMP-5533,manager191@techcorp.com
325,Employee_325,42.0,Engineering,11430.881021266534,19,1,5.886983193447424,2.0,No,EMP-6464,manager245@techcorp.com
330,Employee_330,19.0,Engineering,55792.59682877909,16,1,5.450690126083671,3.0,Yes,EMP-8007,manager306@techcorp.com
331,Employee_331,52.0,Engineering,48104.474908886754,6,5,5.450690126083671,3.0,No,EMP-1158,manager116@techcorp.com
333,Employee_333,58.0,Marketing,25245.40489897416,25,4,4.465923425407267,2.0,Yes,EMP-2232,manager114@techcorp.com
334,Employee_334,53.0,Marketing,21042.329733576746,13,2,8.693252009193353,1.0,Yes,EMP-3442,manager250@techcorp.com
338,Employee_338,31.0,Sales,53370.874045507226,19,4,2.7474658214147403,1.0,No,EMP-3426,manager332@techcorp.com
342,Employee_342,25.0,Sales,78260.00440548599,26,2,5.979615756607001,2.0,Yes,EMP-6050,manager241@techcorp.com
343,Employee_343,24.0,Engineering,66082.52341339618,17,5,5.684044637487574,3.0,No,EMP-6974,manager52@techcorp.com
344,Employee_344,20.0,Marketing,65317.96959627696,3,5,9.95123790131734,4.0,No,EMP-1653,manager97@techcorp.com
346,Employee_346,50.0,Engineering,43727.09287880651,17,5,3.322935362444216,1.0,No,EMP-4441,manager272@techcorp.com
348,Employee_348,75.0,Sales,57199.14296115524,25,2,9.257887086883702,4.0,Yes,EMP-2684,manager30@techcorp.com
350,Employee_350,44.0,HR,74688.98066975309,12,2,8.401052003111626,6.0,No,EMP-7658,manager263@techcorp.com
352,Employee_352,63.0,Sales,70058.00809828272,19,4,5.7240998805325445,5.0,Yes,EMP-4878,manager184@techcorp.com
357,Employee_357,15.0,HR,76253.78851287991,8,1,5.064090279450176,6.0,No,EMP-3938,manager374@techcorp.com
359,Employee_359,44.0,Engineering,60609.577005313295,4,4,9.856283628512172,4.0,Yes,EMP-7745,manager264@techcorp.com
360,Employee_360,44.0,Engineering,30161.277070572505,25,3,8.168359503966226,3.0,No,EMP-5065,manager296@techcorp.com
361,Employee_361,51.0,Finance,69888.86828167237,0,5,7.810822812222355,7.0,Yes,EMP-5371,manager390@techcorp.com
362,Employee_362,38.0,Finance,74472.2723835556,16,3,7.125023456011913,2.0,No,EMP-3608,manager358@techcorp.com
365,Employee_365,45.0,HR,22016.47224169065,23,1,5.450690126083671,1.0,Yes,EMP-1634,manager45@techcorp.com
366,Employee_366,64.0,Engineering,61568.58798037285,12,3,7.559076000309184,2.0,Yes,EMP-8711,manager303@techcorp.com
369,Employee_369,65.0,Marketing,66573.04320746419,3,5,1.8202657550020975,3.0,No,EMP-8541,manager232@techcorp.com
370,Employee_370,36.0,Sales,78004.57317830471,4,2,5.450690126083671,7.0,Yes,EMP-6728,manager381@techcorp.com
372,Employee_372,52.0,Sales,69561.79993254913,23,1,2.528853349640287,3.0,No,EMP-4728,manager67@techcorp.com
374,Employee_374,34.0,Sales,59607.53028379051,20,4,3.980318402477348,3.0,Yes,EMP-1387,manager129@techcorp.com
376,Employee_376,45.0,Marketing,41465.73795015637,11,5,4.723108110867344,4.0,Yes,EMP-7528,manager265@techcorp.com
383,Employee_383,54.0,Sales,49707.16901563706,14,3,5.948777605279584,4.0,Yes,EMP-7548,manager220@techcorp.com
386,Employee_386,66.0,sales,89096.21289983485,25,4,5.413676672669618,4.0,No,EMP-1452,manager350@techcorp.com
389,Employee_389,52.0,Finance,50916.20883376968,20,3,5.450690126083671,2.0,Yes,EMP-3925,manager223@techcorp.com
391,Employee_391,69.0,Engineering,43656.290667820096,3,2,6.289273164587914,3.0,Yes,EMP-1626,manager249@techcorp.com
394,Employee_394,40.0,Sales,66774.41005739271,19,5,8.034693022479225,6.0,Yes,EMP-6663,manager299@techcorp.com
395,Employee_395,50.0,Engineering,26023.01600392709,14,4,5.450690126083671,3.0,No,EMP-6139,manager24@techcorp.com
401,Employee_401,20.0,Marketing,63622.330204221216,8,5,9.654542263415491,1.0,No,EMP-5173,manager131@techcorp.com
403,Employee_403,63.0,Engineering,104285.03046924552,18,2,5.450690126083671,6.0,No,EMP-8144,manager276@techcorp.com
405,Employee_405,67.0,Finance,62528.980456469246,6,1,7.657146079867974,6.0,No,EMP-9518,manager297@techcorp.com
407,Employee_407,64.0,HR,97226.3119447279,27,5,1.1500823214085525,4.0,No,EMP-4228,manager275@techcorp.com
409,Employee_409,40.0,Sales,92618.5836252588,24,4,8.294213954939195,3.0,Yes,EMP-8066,manager3@techcorp.com
411,Employee_411,44.0,Sales,47504.20906131895,3,2,5.450690126083671,1.0,No,EMP-6409,manager205@techcorp.com
414,Employee_414,43.0,Sales,86248.17243485263,2,2,1.6117596983746334,4.0,Yes,EMP-5920,manager65@techcorp.com
419,Employee_419,60.0,HR,11430.881021266534,23,3,5.136801376471636,2.0,No,EMP-7592,manager396@techcorp.com
421,Employee_421,56.0,HR,51364.08422719588,7,4,6.567492601845451,0.0,No,EMP-3085,manager384@techcorp.com
423,Employee_423,59.0,HR,43134.78791412515,3,1,1.5325936467718764,4.0,Yes,EMP-7888,manager167@techcorp.com
427,Employee_427,44.0,Sales,63796.956724249285,23,5,5.450690126083671,3.0,Yes,EMP-7653,manager405@techcorp.com
431,Employee_431,53.0,Sales,53007.75626444392,1,1,2.148131571142338,0.0,Yes,EMP-5700,manager344@techcorp.com
432,Employee_432,62.0,Sales,65233.25945392958,24,2,4.681766337713886,2.0,No,EMP-4443,manager340@techcorp.com
433,Employee_433,37.0,Sales,82948.18660383212,16,3,5.450690126083671,3.0,No,EMP-8043,manager378@techcorp.com
437,Employee_437,44.0,HR,34933.03613756228,19,5,5.450690126083671,3.0,Yes,EMP-8244,manager56@techcorp.com
442,Employee_442,32.0,Engineering,75428.77983831648,20,3,2.7893265484366268,2.0,Yes,EMP-2389,manager29@techcorp.com
444,Employee_444,51.0,Marketing,110310.61752276553,8,2,3.021421960673964,6.0,No,EMP-9445,manager5@techcorp.com
445,Employee_445,19.0,Marketing,80659.27894305612,-5,5,5.450690126083671,1.0,No,EMP-6491,manager377@techcorp.com
446,Employee_446,49.0,HR,56101.09583142083,28,1,8.447488674721061,2.0,Yes,EMP-2530,manager199@techcorp.com
447,Employee_447,40.0,Sales,110310.61752276553,24,4,3.2908648862949503,2.0,Yes,EMP-4848,manager273@techcorp.com
448,Employee_448,39.0,Marketing,68035.42565117148,-5,4,5.450690126083671,2.0,Yes,EMP-6085,manager49@techcorp.com
449,Employee_449,68.0,HR,56157.7789455712,21,3,5.450690126083671,3.0,No,EMP-4680,manager101@techcorp.com
455,Employee_455,59.0,Finance,11430.881021266534,6,3,5.618575740538323,4.0,Yes,EMP-8784,manager107@techcorp.com
458,Employee_458,60.0,Sales,75562.18372252035,20,5,5.450690126083671,3.0,Yes,EMP-7790,manager237@techcorp.com
460,Employee_460,44.0,Marketing,38042.75283301553,19,1,1.5483584954864795,2.0,No,EMP-7291,manager385@techcorp.com
461,Employee_461,25.0,HR,67906.18924916968,2,5,7.2461567269516785,5.0,Yes,EMP-9099,manager316@techcorp.com
462,Employee_462,61.0,Finance,48531.24356915524,18,3,2.644760493886923,3.0,No,EMP-7547,manager318@techcorp.com
465,Employee_465,56.0,Sales,40472.494574332566,3,4,9.172135804374768,2.0,No,EMP-1090,manager218@techcorp.com
471,Employee_471,47.0,Sales,53923.38304027568,14,3,6.1646553817752405,5.0,No,EMP-8611,manager329@techcorp.com
474,Employee_474,57.0,Engineering,59719.60923484823,12,3,7.42972691323448,3.0,Yes,EMP-2988,manager151@techcorp.com
475,Employee_475,69.0,sales,62032.8857537902,22,4,4.2548238535694,2.0,Yes,EMP-8478,manager359@techcorp.com
476,Employee_476,33.0,Engineering,37379.47217016114,25,3,2.12837814310486,6.0,Yes,EMP-3184,manager367@techcorp.com
480,Employee_480,47.0,Sales,61746.62115830818,4,1,5.450690126083671,1.0,Yes,EMP-8251,manager8@techcorp.com
481,Employee_481,36.0,HR,74048.1313830213,24,3,2.09525776054005,4.0,No,EMP-9270,manager246@techcorp.com
482,Employee_482,34.0,Engineering,11430.881021266534,15,2,6.292842738449023,1.0,Yes,EMP-7991,manager72@techcorp.com
488,Employee_488,44.0,Engineering,71341.11034776206,15,5,3.3016933139347038,3.0,Yes,EMP-5246,manager364@techcorp.com
489,Employee_489,26.0,HR,33336.853786926906,26,5,3.946788628601032,1.0,No,EMP-5050,manager160@techcorp.com
493,Employee_493,64.0,Marketing,43831.60350953226,6,5,4.462593188567005,2.0,No,EMP-4919,manager268@techcorp.com
498,Employee_498,57.0,Finance,51008.47923549438,21,5,8.48386707703899,3.0,Yes,EMP-4841,manager181@techcorp.com
499,Employee_499,44.0,HR,80350.02458168363,20,2,2.595938979015455,0.0,No,EMP-5451,manager354@techcorp.com
503,Employee_503,22.0,Marketing,67589.64114331015,26,4,6.210798818987307,5.0,Yes,EMP-2320,manager369@techcorp.com
509,Employee_509,33.0,Finance,51032.39561892235,29,5,5.450690126083671,3.0,Yes,EMP-4505,manager399@techcorp.com
511,Employee_511,80.0,Marketing,95397.24841353932,16,2,3.3939792378339217,3.0,No,EMP-7797,manager189@techcorp.com
514,Employee_514,31.0,Engineering,61475.40215773772,21,5,5.450690126083671,3.0,No,EMP-9890,manager138@techcorp.com
515,Employee_515,45.0,Engineering,87944.52845117525,24,3,5.450690126083671,2.0,Yes,EMP-8633,manager407@techcorp.com
516,Employee_516,22.0,HR,110310.61752276553,16,2,8.269460379833315,2.0,No,EMP-7812,manager224@techcorp.com
517,Employee_517,64.0,Finance,47055.18724023907,3,3,8.973225959476824,0.0,Yes,EMP-2020,manager244@techcorp.com
520,Employee_520,63.0,HR,72049.54418878964,-2,1,5.450690126083671,2.0,Yes,EMP-7381,manager258@techcorp.com
522,Employee_522,22.0,Marketing,49791.278951460656,26,1,2.196352384371844,3.0,Yes,EMP-7232,manager302@techcorp.com
526,Employee_526,43.0,Finance,61899.875027126094,16,1,2.238667609585252,5.0,No,EMP-5892,manager254@techcorp.com
528,Employee_528,38.0,Sales,70228.31001859908,24,2,5.450690126083671,3.0,No,EMP-7865,manager200@techcorp.com
530,Employee_530,16.0,Sales,59361.63010713276,3,2,2.8851019255855994,2.0,No,EMP-9947,manager391@techcorp.com
531,Employee_531,50.0,Sales,58779.13149060008,16,5,4.746365026191166,2.0,Yes,EMP-4613,manager327@techcorp.com
534,Employee_534,44.0,Finance,77625.69562865538,1,5,1.362600511610879,6.0,Yes,EMP-5471,manager47@techcorp.com
538,Employee_538,51.0,Sales,70108.48186433398,26,1,6.58334126911349,4.0,No,EMP-7371,manager401@techcorp.com
542,Employee_542,36.0,Finance,64013.03607911374,22,5,5.450690126083671,1.0,No,EMP-8657,manager210@techcorp.com
543,Employee_543,49.0,Sales,67251.4163005297,25,4,8.97659394810146,4.0,No,EMP-3091,manager292@techcorp.com
549,Employee_549,44.0,Marketing,35617.707773615664,1,4,9.686886746911616,4.0,Yes,EMP-8022,manager355@techcorp.com
553,Employee_553,45.0,Finance,76676.14678318729,8,1,5.450690126083671,3.0,Yes,EMP-1823,manager34@techcorp.com
556,Employee_556,37.0,HR,69668.50976229207,5,5,3.819398289225493,4.0,Yes,EMP-6363,manager85@techcorp.com
558,Employee_558,44.0,HR,49685.65860133996,19,1,5.450690126083671,3.0,Yes,EMP-8449,manager0@techcorp.com
559,Employee_559,67.0,Finance,65959.64472754904,20,3,1.0613322811011532,2.0,No,EMP-6355,manager110@techcorp.com
561,Employee_561,50.0,Sales,56009.426533411824,16,1,9.29362052716676,6.0,No,EMP-7211,manager398@techcorp.com
564,Employee_564,60.0,HR,64073.44169786196,15,3,8.155522158455181,3.0,No,EMP-5133,manager6@techcorp.com
566,Employee_566,44.0,Finance,64824.76275310696,12,3,7.886744503789528,0.0,Yes,EMP-8705,manager197@techcorp.com
567,Employee_567,20.0,finance,70425.90581191513,22,1,2.288452220300737,1.0,No,EMP-1317,manager18@techcorp.com
568,Employee_568,18.0,HR,60116.211170849,0,1,6.919445325483582,4.0,Yes,EMP-9837,manager217@techcorp.com
570,Employee_570,57.0,Engineering,59099.463543422666,2,5,1.230128191807612,7.0,Yes,EMP-6733,manager231@techcorp.com
572,Employee_572,60.0,Engineering,88646.84062435004,14,5,9.129232945856176,3.0,No,EMP-2124,manager124@techcorp.com
573,Employee_573,61.0,Sales,36219.77435239931,3,2,5.450690126083671,3.0,Yes,EMP-1659,manager193@techcorp.com
581,Employee_581,67.0,Sales,65419.490776923856,-4,3,8.065752915157812,4.0,No,EMP-8758,manager40@techcorp.com
583,Employee_583,40.0,HR,96157.5231759838,25,5,9.206367658174823,2.0,No,EMP-4571,manager345@techcorp.com
584,Employee_584,34.0,Marketing,67015.70351509619,0,3,1.8775692321748771,5.0,No,EMP-8619,manager337@techcorp.com
585,Employee_585,43.0,Engineering,53926.76952252008,13,2,8.67996294902909,2.0,Yes,EMP-5198,manager201@techcorp.com
587,Employee_587,46.0,Finance,56692.01963712976,28,4,5.450690126083671,3.0,No,EMP-3749,manager175@techcorp.com
590,Employee_590,43.0,Sales,15199.00202960994,23,3,3.192140132781687,2.0,No,EMP-6096,manager162@techcorp.com
591,Employee_591,51.0,Engineering,50032.752156151066,26,4,3.754424496058944,1.0,Yes,EMP-2771,manager342@techcorp.com
592,Employee_592,68.0,Engineering,79853.77077825584,28,2,5.450690126083671,3.0,Yes,EMP-1420,manager176@techcorp.com
593,Employee_593,44.0,Sales,70916.3434912403,18,5,2.594144297784286,5.0,Yes,EMP-6111,manager41@techcorp.com
595,Employee_595,21.0,HR,48694.30447201837,24,4,5.450690126083671,2.0,Yes,EMP-7498,manager153@techcorp.com
598,Employee_598,28.0,Sales,19406.52264520835,7,1,3.120605660724836,3.0,Yes,EMP-4978,manager27@techcorp.com
601,Employee_601,42.0,Finance,29631.0211207052,0,2,3.6049680547138734,1.0,Yes,EMP-2983,manager288@techcorp.com
602,Employee_602,75.0,Engineering,11430.881021266534,4,5,8.048939091910109,3.0,Yes,EMP-1672,manager81@techcorp.com
605,Employee_605,54.0,HR,60759.00872580892,5,1,5.450690126083671,2.0,No,EMP-8018,manager215@techcorp.com
609,Employee_609,66.0,Sales,83893.48288656044,29,3,6.745155196783886,0.0,No,EMP-6590,manager120@techcorp.com
610,Employee_610,52.0,HR,37572.38723850431,2,2,3.764310832937904,7.0,No,EMP-1207,manager80@techcorp.com
613,Employee_613,35.0,Marketing,49816.095190290725,15,3,2.959412616803364,6.0,No,EMP-2729,manager242@techcorp.com
614,Employee_614,66.0,engineering,75550.62481629888,26,4,1.7933694232298,0.0,Yes,EMP-8102,manager321@techcorp.com
615,Employee_615,56.0,Sales,87517.32346367913,10,1,5.450690126083671,7.0,Yes,EMP-6934,manager10@techcorp.com
616,Employee_616,49.0,Sales,80250.92002107673,9,2,5.450690126083671,3.0,Yes,EMP-8532,manager183@techcorp.com
618,Employee_618,40.0,HR,62516.93939238715,19,1,6.72442608105214,1.0,No,EMP-8135,manager19@techcorp.com
619,Employee_619,49.0,HR,80573.65221392784,3,4,5.450690126083671,1.0,Yes,EMP-3885,manager324@techcorp.com
621,Employee_621,29.0,Marketing,74472.2117445775,22,4,3.770867127469306,7.0,No,EMP-5425,manager86@techcorp.com
624,Employee_624,40.0,Engineering,76684.65331480322,21,1,5.450690126083671,3.0,No,EMP-8616,manager353@techcorp.com
626,Employee_626,44.0,Sales,73007.63577442538,24,5,9.40479348561624,5.0,Yes,EMP-5397,manager173@techcorp.com
627,Employee_627,58.0,Marketing,40673.752284697344,4,1,4.620013613624011,7.0,Yes,EMP-6280,manager387@techcorp.com
628,Employee_628,47.0,Finance,110310.61752276553,7,2,5.219108924561119,3.0,Yes,EMP-5022,manager156@techcorp.com
630,Employee_630,66.0,Finance,14460.17584933898,13,2,9.299727352461558,2.0,No,EMP-5569,manager1@techcorp.com
632,Employee_632,65.0,Sales,82011.9521352262,22,1,3.738176774444762,6.0,No,EMP-4995,manager360@techcorp.com
637,Employee_637,66.0,Engineering,55562.78192409388,18,3,1.638243635391813,4.0,Yes,EMP-9098,manager59@techcorp.com
639,Employee_639,44.0,Engineering,51295.55534398744,17,3,5.450690126083671,6.0,No,EMP-3979,manager290@techcorp.com
640,Employee_640,58.0,HR,75011.73707671554,19,2,3.0976553070175146,3.0,No,EMP-8988,manager63@techcorp.com
643,Employee_643,26.0,Sales,77773.2550710192,27,3,8.771361475322038,2.0,Yes,EMP-5232,manager78@techcorp.com
644,Employee_644,24.0,HR,49464.89134690019,0,4,2.1905915288593443,7.0,No,EMP-6576,manager155@techcorp.com
648,Employee_648,69.0,HR,47084.57298726864,20,2,5.450690126083671,3.0,No,EMP-9464,manager143@techcorp.com
650,Employee_650,64.0,Finance,61837.29491296988,4,2,1.505458089129818,1.0,Yes,EMP-2402,manager150@techcorp.com
651,Employee_651,33.0,HR,22295.998959577657,26,4,3.300751844158254,5.0,No,EMP-4954,manager180@techcorp.com
652,Employee_652,22.0,Sales,54074.65112982236,11,4,5.450690126083671,3.0,Yes,EMP-7658,manager142@techcorp.com
654,Employee_654,29.0,Finance,75584.68068627216,5,1,5.450690126083671,2.0,Yes,EMP-4937,manager388@techcorp.com
658,Employee_658,53.0,Marketing,77982.71427374984,27,2,4.742752054671528,2.0,No,EMP-1282,manager317@techcorp.com
660,Employee_660,33.0,HR,64289.016679432825,4,1,4.570795508099764,6.0,No,EMP-5820,manager179@techcorp.com
663,Employee_663,59.0,Sales,61662.4493131336,26,4,5.450690126083671,3.0,No,EMP-4986,manager307@techcorp.com
664,Employee_664,56.0,hr,50657.93186418448,0,5,5.450690126083671,4.0,Yes,EMP-6016,manager113@techcorp.com
665,Employee_665,44.0,Engineering,11430.881021266534,29,5,5.21182416230239,5.0,No,EMP-7046,manager376@techcorp.com
672,Employee_672,44.0,Finance,110310.61752276553,26,1,3.4918297254281105,1.0,No,EMP-8434,manager311@techcorp.com
674,Employee_674,64.0,Marketing,46241.32266325645,29,1,5.450690126083671,2.0,No,EMP-6023,manager322@techcorp.com
675,Employee_675,29.0,Engineering,89481.1210497616,14,2,6.947186767218193,4.0,No,EMP-5118,manager16@techcorp.com
680,Employee_680,16.0,Sales,37738.911458725765,19,4,1.0147938140120472,0.0,No,EMP-2958,manager208@techcorp.com
682,Employee_682,44.0,Marketing,94991.62610544998,6,2,6.136853328631661,7.0,No,EMP-4033,manager118@techcorp.com
683,Employee_683,30.0,Finance,39711.622456640005,14,5,5.308343721689703,1.0,No,EMP-4138,manager293@techcorp.com
684,Employee_684,57.0,HR,75657.40487162693,22,4,8.758685283189372,7.0,Yes,EMP-4545,manager227@techcorp.com
686,Employee_686,26.0,Engineering,60603.2314507025,22,3,5.450690126083671,3.0,No,EMP-5530,manager42@techcorp.com
687,Employee_687,67.0,Sales,54868.24139635653,18,2,5.450690126083671,3.0,Yes,EMP-9595,manager130@techcorp.com
690,Employee_690,22.0,Marketing,62866.78335212462,23,4,5.450690126083671,3.0,No,EMP-4180,manager96@techcorp.com
692,Employee_692,44.0,Finance,72222.87309299085,28,3,8.885732304426003,4.0,Yes,EMP-4727,manager9@techcorp.com
694,Employee_694,36.0,Marketing,62140.84764157428,17,5,3.086571625432538,3.0,Yes,EMP-3939,manager83@techcorp.com
695,Employee_695,44.0,Marketing,57889.398959953855,9,2,7.3500644048472195,7.0,Yes,EMP-5952,manager270@techcorp.com
696,Employee_696,65.0,Engineering,56312.86698565808,8,5,3.7693253205085946,3.0,Yes,EMP-1231,manager170@techcorp.com
697,Employee_697,62.0,Marketing,110310.61752276553,24,5,3.179571853127235,1.0,Yes,EMP-9751,manager90@techcorp.com
700,Employee_700,69.0,Marketing,18642.90547128015,29,5,7.3990086575483005,4.0,No,EMP-1745,manager348@techcorp.com
705,Employee_705,21.0,HR,55901.29924373509,5,2,3.0937297454809745,3.0,No,EMP-2680,manager260@techcorp.com
707,Employee_707,23.0,Engineering,81689.59166146141,4,4,5.450690126083671,7.0,Yes,EMP-5658,manager93@techcorp.com
710,Employee_710,61.0,Marketing,110310.61752276553,8,4,5.069822311931849,4.0,Yes,EMP-8216,manager39@techcorp.com
712,Employee_712,44.0,HR,56390.20422136733,17,4,5.450690126083671,6.0,Yes,EMP-4020,manager7@techcorp.com
714,Employee_714,44.0,Finance,56113.36909159343,-3,5,8.89706913942852,3.0,Yes,EMP-5136,manager368@techcorp.com
715,Employee_715,15.0,Sales,42275.59312781188,8,3,7.958651511328824,7.0,Yes,EMP-8827,manager346@techcorp.com
719,Employee_719,30.0,HR,59628.83988467865,11,2,5.450690126083671,2.0,No,EMP-9056,manager278@techcorp.com
721,Employee_721,44.0,Engineering,52017.762955945,26,2,3.886520720139618,-1.0,Yes,EMP-1878,manager238@techcorp.com
723,Employee_723,45.0,Sales,32445.98453766295,9,2,3.5150077658701235,3.0,No,EMP-3444,manager21@techcorp.com
726,Employee_726,56.0,Sales,56370.43340841608,2,4,5.450690126083671,7.0,Yes,EMP-5066,manager132@techcorp.com
727,Employee_727,18.0,Sales,75440.43124006846,15,1,8.766301541598901,3.0,No,EMP-2940,manager190@techcorp.com
729,Employee_729,30.0,Finance,110310.61752276553,27,1,5.811948307679715,1.0,Yes,EMP-4697,manager55@techcorp.com
730,Employee_730,45.0,Sales,49152.55357122408,23,1,5.450690126083671,0.0,No,EMP-9561,manager74@techcorp.com
731,Employee_731,66.0,Finance,62897.35329315111,9,1,3.932932083542113,3.0,Yes,EMP-7232,manager103@techcorp.com
734,Employee_734,55.0,Sales,66856.30324805247,25,5,5.450690126083671,3.0,Yes,EMP-5871,manager194@techcorp.com
736,Employee_736,61.0,Marketing,15816.96761822598,22,3,1.6178379953308502,3.0,No,EMP-6003,manager15@techcorp.com
740,Employee_740,64.0,Sales,50181.251002572695,14,2,5.450690126083671,4.0,No,EMP-4457,manager178@techcorp.com
741,Employee_741,38.0,Marketing,70238.4818205855,5,5,5.450690126083671,3.0,Yes,EMP-5335,manager75@techcorp.com
742,Employee_742,33.0,Marketing,56633.83532075861,19,1,4.853396557271079,2.0,No,EMP-2330,manager82@techcorp.com
748,Employee_748,36.0,HR,75178.77200243896,18,3,5.450690126083671,3.0,Yes,EMP-1043,manager158@techcorp.com
749,Employee_749,37.0,Sales,67630.77125178662,19,5,7.636689498807516,5.0,Yes,EMP-7693,manager14@techcorp.com
752,Employee_752,58.0,HR,45104.315865469456,1,3,4.0539055209014,2.0,Yes,EMP-5771,manager102@techcorp.com
755,Employee_755,32.0,Marketing,110310.61752276553,1,2,5.450690126083671,2.0,No,EMP-5720,manager209@techcorp.com
757,Employee_757,18.0,Finance,20812.195478185124,2,1,8.598833777371443,1.0,Yes,EMP-8438,manager111@techcorp.com
762,Employee_762,29.0,Engineering,76912.03028933903,8,4,1.186822289115678,2.0,Yes,EMP-7965,manager33@techcorp.com
765,Employee_765,33.0, Marketing ,41122.98589152565,5,2,8.781871191424711,3.0,No,EMP-4683,manager375@techcorp.com
770,Employee_770,45.0,HR,69773.83905418435,27,4,2.2510198467916998,2.0,Yes,EMP-1977,manager248@techcorp.com
774,Employee_774,43.0,Finance,83424.91578643088,0,3,2.040025390125685,2.0,Yes,EMP-8195,manager372@techcorp.com
775,Employee_775,25.0,Marketing,91712.92985771464,18,1,8.527788306870756,3.0,No,EMP-3037,manager341@techcorp.com
779,Employee_779,54.0,HR,54934.9017994958,20,4,9.827144248731264,0.0,Yes,EMP-5460,manager117@techcorp.com
785,Employee_785,50.0,Marketing,31746.631636579456,20,1,5.450690126083671,3.0,Yes,EMP-1653,manager144@techcorp.com
793,Employee_793,52.0,Finance,97827.75699100678,12,5,6.970262806132133,4.0,No,EMP-5415,manager247@techcorp.com
794,Employee_794,23.0,Sales,50758.07962697203,27,4,2.064001708652139,2.0,Yes,EMP-1659,manager282@techcorp.com
797,Employee_797,22.0,Engineering,60109.851004867865,12,4,5.450690126083671,3.0,Yes,EMP-9502,manager279@techcorp.com
800,Employee_800,19.0,Sales,68185.16775194486,16,4,5.450690126083671,3.0,Yes,EMP-3973,manager84@techcorp.com
801,Employee_801,27.0,Sales,110310.61752276553,8,5,3.3482672168515126,4.0,No,EMP-8141,manager281@techcorp.com
802,Employee_802,47.0,Marketing,52763.77321534865,3,2,9.726543450139042,2.0,Yes,EMP-9056,manager94@techcorp.com
803,Employee_803,67.0,Sales,23924.371564436435,18,3,5.450690126083671,4.0,No,EMP-2494,manager115@techcorp.com
809,Employee_809,49.0,Sales,29206.669614533603,13,3,8.462355762557259,2.0,No,EMP-2713,manager320@techcorp.com
810,Employee_810,64.0,Marketing,30274.45940099412,9,2,5.573275467986749,3.0,No,EMP-3634,manager66@techcorp.com
813,Employee_813,38.0,Engineering,63666.004242099865,5,3,5.303430312002597,1.0,No,EMP-9117,manager54@techcorp.com
815,Employee_815,42.0,Marketing,91456.29281834365,9,2,5.450690126083671,4.0,Yes,EMP-7561,manager177@techcorp.com
817,Employee_817,44.0,Engineering,55616.879605738766,26,5,5.450690126083671,3.0,No,EMP-8451,manager291@techcorp.com
819,Employee_819,30.0,Sales,38731.95986858098,17,5,7.711458995843086,1.0,No,EMP-6153,manager352@techcorp.com
823,Employee_823,52.0,Sales,61222.31218734776,20,5,8.382916793324808,2.0,No,EMP-7622,manager73@techcorp.com
824,Employee_824,18.0,Marketing,69879.0374398744,24,5,6.056774108285666,2.0,Yes,EMP-9431,manager253@techcorp.com
827,Employee_827,44.0,Engineering,56562.74027073417,14,4,6.572512398187525,1.0,No,EMP-8569,manager139@techcorp.com
828,Employee_828,45.0,Sales,37836.70937618397,3,4,8.423262531818477,0.0,Yes,EMP-7770,manager206@techcorp.com
829,Employee_829,34.0,Engineering,55894.25817023798,28,5,7.199294532309883,1.0,No,EMP-1888,manager22@techcorp.com
831,Employee_831,48.0,Engineering,65837.2352400003,8,2,3.176543758738178,7.0,Yes,EMP-9494,manager379@techcorp.com
832,Employee_832,22.0,Marketing,77989.29942296492,26,2,4.833977675215853,4.0,No,EMP-6927,manager104@techcorp.com
835,Employee_835,40.0,finance,51041.71040626031,23,2,6.079558423050907,2.0,No,EMP-1845,manager127@techcorp.com
836,Employee_836,54.0,Sales,34483.35826860124,27,4,9.396609629754046,3.0,No,EMP-4335,manager280@techcorp.com
837,Employee_837,54.0,HR,59397.114609582975,16,3,6.278606029337039,5.0,No,EMP-5375,manager347@techcorp.com
838,Employee_838,27.0,Sales,48645.88431562629,10,3,5.7347426657566265,5.0,Yes,EMP-9998,manager289@techcorp.com
839,Employee_839,27.0,Sales,29509.57426761652,24,2,7.833797696351847,3.0,No,EMP-3146,manager36@techcorp.com
840,Employee_840,36.0,Sales,64818.49994578937,8,3,7.4139905708789,4.0,No,EMP-5719,manager64@techcorp.com
842,Employee_842,38.0,Marketing,95382.33400526571,17,1,5.450690126083671,3.0,No,EMP-8941,manager240@techcorp.com
843,Employee_843,31.0,Engineering,52764.73862326373,19,4,5.252638985376267,7.0,No,EMP-2989,manager112@techcorp.com
844,Employee_844,26.0,Marketing,65602.42777938898,12,4,5.450690126083671,3.0,Yes,EMP-1472,manager312@techcorp.com
847,Employee_847,68.0,HR,57507.64407619741,16,3,2.7941094052406483,1.0,Yes,EMP-6091,manager363@techcorp.com
849,Employee_849,30.0,Marketing,59730.56356669684,22,3,5.450690126083671,3.0,Yes,EMP-7684,manager309@techcorp.com
850,Employee_850,44.0,Engineering,67810.45795130002,14,1,6.182072764969704,3.0,Yes,EMP-2527,manager271@techcorp.com
852,Employee_852,66.0,HR,80917.93430991739,14,3,5.450690126083671,3.0,No,EMP-2858,manager98@techcorp.com
860,Employee_860,43.0,Finance,54605.62936885328,7,1,8.640314825284655,2.0,No,EMP-7807,manager386@techcorp.com
862,Employee_862,20.0,Finance,53262.04348833018,28,1,3.20995563350042,2.0,Yes,EMP-8736,manager298@techcorp.com
871,Employee_871,65.0,Marketing,99141.27281083284,29,1,3.541311271383906,4.0,No,EMP-5526,manager349@techcorp.com
872,Employee_872,64.0,Engineering,55171.71179159588,15,4,1.728583625041193,2.0,No,EMP-7798,manager285@techcorp.com
873,Employee_873,40.0,engineering,79039.20727019603,22,2,8.889524443143024,2.0,Yes,EMP-6568,manager319@techcorp.com
874,Employee_874,32.0,HR,110310.61752276553,9,5,5.450690126083671,2.0,No,EMP-9318,manager366@techcorp.com
879,Employee_879,28.0,Marketing,42113.00174649194,26,2,2.034157090257193,2.0,No,EMP-9022,manager187@techcorp.com
885,Employee_885,67.0,Sales,68427.59622196165,5,2,3.826394262265892,1.0,Yes,EMP-6446,manager315@techcorp.com
890,Employee_890,44.0,Finance,68993.118132517,13,5,5.3864599750483855,2.0,Yes,EMP-4090,manager331@techcorp.com
894,Employee_894,44.0,Marketing,59519.44283838792,9,4,8.46446635128137,4.0,No,EMP-7730,manager88@techcorp.com
900,Employee_900,68.0,HR,57304.62841769762,24,1,3.809726954077492,4.0,Yes,EMP-3492,manager46@techcorp.com
901,Employee_901,34.0,Sales,60603.8157442031,6,3,7.526000439399845,4.0,No,EMP-9115,manager17@techcorp.com
903,Employee_903,46.0,Engineering,11430.881021266534,27,3,8.49643653086795,1.0,Yes,EMP-3068,manager182@techcorp.com
904,Employee_904,21.0,Finance,55611.12376710274,27,5,9.87191424627167,3.0,Yes,EMP-9229,manager393@techcorp.com
913,Employee_913,23.0,Engineering,77458.38373541573,1,5,1.5625624735936974,1.0,No,EMP-7717,manager12@techcorp.com
915,Employee_915,44.0,Marketing,56901.50796327448,25,2,5.450690126083671,6.0,Yes,EMP-2225,manager26@techcorp.com
916,Employee_916,60.0,HR,110310.61752276553,10,2,5.1778355405691405,6.0,Yes,EMP-8692,manager266@techcorp.com
930,Employee_930,21.0,Sales,34192.71030914328,1,2,8.250419968932144,5.0,Yes,EMP-5708,manager304@techcorp.com
931,Employee_931,42.0,Marketing,47021.72237455002,21,4,3.697018154573417,3.0,No,EMP-4727,manager121@techcorp.com
934,Employee_934,44.0,Marketing,75643.6521591152,24,4,5.450690126083671,0.0,No,EMP-2612,manager48@techcorp.com
938,Employee_938,67.0,Sales,87394.17555939562,6,4,4.858878620032152,0.0,No,EMP-5906,manager157@techcorp.com
940,Employee_940,15.0,Marketing,61305.36390685107,10,5,1.1987726077106178,3.0,Yes,EMP-1753,manager222@techcorp.com
944,Employee_944,45.0,Finance,59438.3226881404,27,4,2.24531380799371,2.0,Yes,EMP-6873,manager77@techcorp.com
947,Employee_947,38.0,Marketing,47476.19935556867,22,5,5.450690126083671,4.0,Yes,EMP-3385,manager60@techcorp.com
951,Employee_951,44.0,HR,42831.001192506286,17,3,4.764619999841374,4.0,No,EMP-3950,manager213@techcorp.com
952,Employee_952,29.0,Engineering,82511.75542080688,24,4,5.450690126083671,0.0,Yes,EMP-3785,manager20@techcorp.com
954,Employee_954,63.0,Engineering,44449.21920310045,5,4,5.641088959693658,4.0,Yes,EMP-2293,manager397@techcorp.com
955,Employee_955,51.0,Marketing,110310.61752276553,5,1,5.475284979317902,2.0,No,EMP-7267,manager404@techcorp.com
956,Employee_956,66.0,Sales,50236.06005535506,20,4,5.450690126083671,3.0,Yes,EMP-4945,manager262@techcorp.com
958,Employee_958,43.0,Sales,46725.59246040576,28,2,5.450690126083671,4.0,Yes,EMP-3344,manager380@techcorp.com
959,Employee_959,62.0,Marketing,56808.10876350008,4,5,5.450690126083671,2.0,Yes,EMP-4804,manager343@techcorp.com
961,Employee_961,26.0,Marketing,55474.78257652497,9,5,2.725625956512398,6.0,Yes,EMP-5161,manager185@techcorp.com
964,Employee_964,39.0,Marketing,99633.83612800058,17,5,2.8629424112055237,2.0,No,EMP-1153,manager146@techcorp.com
966,Employee_966,47.0,Sales,33438.07475132504,2,5,1.7583792954026598,3.0,No,EMP-5712,manager149@techcorp.com
967,Employee_967,44.0,Sales,70444.8736249602,12,4,4.204837766497795,1.0,No,EMP-9955,manager286@techcorp.com
968,Employee_968,65.0,Sales,43671.92027797917,14,4,7.123459723862699,4.0,Yes,EMP-3588,manager300@techcorp.com
970,Employee_970,43.0,Marketing,61367.41258620522,18,4,8.449076753031447,0.0,No,EMP-8237,manager403@techcorp.com
971,Employee_971,53.0,Finance,38892.25965815025,2,1,7.658810439403632,1.0,No,EMP-6661,manager335@techcorp.com
974,Employee_974,66.0,Marketing,54306.33928654833,-2,4,2.264924151959886,3.0,No,EMP-5097,manager214@techcorp.com
978,Employee_978,64.0,Finance,57500.48427283468,26,4,8.52877801684813,3.0,Yes,EMP-7302,manager226@techcorp.com
980,Employee_980,31.0,Engineering,60337.81432484967,9,2,9.357371933775743,5.0,Yes,EMP-2747,manager328@techcorp.com
985,Employee_985,41.0,Engineering,84702.43643897056,25,2,2.7358351182065284,4.0,No,EMP-5837,manager239@techcorp.com
986,Employee_986,19.0,Finance,53598.1603811122,19,4,5.450690126083671,4.0,No,EMP-1359,manager31@techcorp.com
987,Employee_987,62.0,Sales,52066.75680356164,23,5,5.450690126083671,4.0,No,EMP-7484,manager50@techcorp.com
989,Employee_989,31.0,Finance,52588.18953855096,12,2,1.912418582228772,4.0,Yes,EMP-1132,manager229@techcorp.com
996,Employee_996,60.0,Sales,51640.7299232271,9,2,5.450690126083671,2.0,Yes,EMP-4115,manager186@techcorp.com
998,Employee_998,62.0,Marketing,76201.24608105383,9,1,6.244175318991245,0.0,Yes,EMP-3240,manager169@techcorp.com
708,Employee_708,44.0,Sales,48449.39812984892,27,3,6.621975768553451,2.0,No,EMP-8222,manager168@techcorp.com
244,Employee_244,21.0,Sales,45425.36637251193,25,3,2.9342487824804726,2.0,No,EMP-1546,manager225@techcorp.com
12,Employee_12,44.0,Sales,46985.72925309821,12,1,3.5104426846612906,3.0,No,EMP-3153,manager122@techcorp.com
693,Employee_693,55.0,Sales,105817.67848157525,23,5,7.505061405593691,4.0,Yes,EMP-2476,manager154@techcorp.com
625,Employee_625,42.0,Sales,65453.9558705987,18,4,9.392400312308215,3.0,No,EMP-6352,manager334@techcorp.com
842,Employee_842,38.0,Marketing,95382.33400526571,17,1,5.450690126083671,3.0,No,EMP-3877,manager128@techcorp.com
380,Employee_380,23.0,HR,31989.84079450114,12,2,9.89685988341136,7.0,No,EMP-9837,manager216@techcorp.com
222,Employee_222,19.0,Engineering,110310.61752276553,8,5,5.450690126083671,1.0,Yes,EMP-9697,manager261@techcorp.com
696,Employee_696,65.0,Engineering,56312.86698565808,8,5,3.7693253205085946,3.0,Yes,EMP-3695,manager198@techcorp.com
938,Employee_938,67.0,Sales,87394.17555939562,6,4,4.858878620032152,0.0,No,EMP-5210,manager161@techcorp.com
